"domain","sweep_ts","bucket","note","host","updated_at"
"aistatus.world","20260203_162222","http_probe","sweep_http_probe P1 20260203_162222","frontdesk.network","2026-02-04T00:22:50.493Z"
"frontdesk.network","20260203_162222","http_probe","sweep_http_probe P1 20260203_162222","frontdesk.network","2026-02-04T00:22:51.530Z"
"helloaura.world","20260203_162222","http_probe","sweep_http_probe P1 20260203_162222","frontdesk.network","2026-02-04T00:22:52.566Z"
"timetocreate.kids","20260203_162222","http_probe","sweep_http_probe P1 20260203_162222","frontdesk.network","2026-02-04T00:22:53.726Z"
"worldguide.world","20260203_162222","http_probe","sweep_http_probe P1 20260203_162222","frontdesk.network","2026-02-04T00:22:54.704Z"
"worldnavigate.world","20260203_162222","http_probe","sweep_http_probe P1 20260203_162222","frontdesk.network","2026-02-04T00:22:55.717Z"
"arksolutions.world","20260203_162222","http530","sweep_http530 P0 20260203_162222","frontdesk.network","2026-02-04T00:22:36.289Z"
"aurahere.world","20260203_162222","http530","sweep_http530 P0 20260203_162222","frontdesk.network","2026-02-04T00:22:37.750Z"
"cityos.us","20260203_162222","http530","sweep_http530 P0 20260203_162222","frontdesk.network","2026-02-04T00:22:38.831Z"
"firstcontact.systems","20260203_162222","http530","sweep_http530 P0 20260203_162222","frontdesk.network","2026-02-04T00:22:39.830Z"
"ideaslab.world","20260203_162222","http530","sweep_http530 P0 20260203_162222","frontdesk.network","2026-02-04T00:22:40.933Z"
"makemoremoney.business","20260203_162222","http530","sweep_http530 P0 20260203_162222","frontdesk.network","2026-02-04T00:22:42.093Z"
"needhelp.solutions","20260203_162222","http530","sweep_http530 P0 20260203_162222","frontdesk.network","2026-02-04T00:22:43.123Z"
"permissiontoapproach.com","20260203_162222","http530","sweep_http530 P0 20260203_162222","frontdesk.network","2026-02-04T00:22:44.157Z"
"talkgenesis.com","20260203_162222","http530","sweep_http530 P0 20260203_162222","frontdesk.network","2026-02-04T00:22:45.272Z"
"talktoaura.world","20260203_162222","http530","sweep_http530 P0 20260203_162222","frontdesk.network","2026-02-04T00:22:46.299Z"
"theperfectrepairs.com","20260203_162222","http530","sweep_http530 P0 20260203_162222","frontdesk.network","2026-02-04T00:22:47.349Z"
"timethelp.world","20260203_162222","http530","sweep_http530 P0 20260203_162222","frontdesk.network","2026-02-04T00:22:48.472Z"
"veritynewsroom.com","20260203_162222","http530","sweep_http530 P0 20260203_162222","frontdesk.network","2026-02-04T00:22:49.468Z"
